"","school","sex","age","address","famsize","Pstatus","Medu","Fedu","Mjob","Fjob","reason","guardian","traveltime","studytime","failures","schoolsup","famsup","paid","activities","nursery","higher","internet","romantic","famrel","freetime","goout","Dalc","Walc","health","absences","G1","G2","G3"
"1",0,1,18,0,1,1,4,4,"at_home","teacher","course","mother",2,2,0,1,0,0,0,1,1,0,0,4,3,4,1,1,3,6,5,6,6
"2",0,1,17,0,1,0,1,1,"at_home","other","course","father",1,2,0,0,1,0,0,0,1,1,0,5,3,3,1,1,3,4,5,5,6
"3",0,1,15,0,0,0,1,1,"at_home","other","other","mother",1,2,3,1,0,1,0,1,1,1,0,4,3,2,2,3,3,10,7,8,10
"4",0,1,15,0,1,0,4,2,"health","services","home","mother",1,3,0,0,1,1,1,1,1,1,1,3,2,2,1,1,5,2,15,14,15
"5",0,1,16,0,1,0,3,3,"other","other","home","father",1,2,0,0,1,1,0,1,1,0,0,4,3,2,1,2,5,4,6,10,10
"6",0,0,16,0,0,0,4,3,"services","other","reputation","mother",1,2,0,0,1,1,1,1,1,1,0,5,4,2,1,2,5,10,15,15,15
"7",0,0,16,0,0,0,2,2,"other","other","home","mother",1,2,0,0,0,0,0,1,1,1,0,4,4,4,1,1,3,0,12,12,11
"8",0,1,17,0,1,1,4,4,"other","teacher","home","mother",2,2,0,1,1,0,0,1,1,0,0,4,1,4,1,1,1,6,6,5,6
"9",0,0,15,0,0,1,3,2,"services","other","home","mother",1,2,0,0,1,1,0,1,1,1,0,4,2,2,1,1,1,0,16,18,19
"10",0,0,15,0,1,0,3,4,"other","other","home","mother",1,2,0,0,1,1,1,1,1,1,0,5,5,1,1,1,5,0,14,15,15
"11",0,1,15,0,1,0,4,4,"teacher","health","reputation","mother",1,2,0,0,1,1,0,1,1,1,0,3,3,3,1,2,2,0,10,8,9
"12",0,1,15,0,1,0,2,1,"services","other","reputation","father",3,3,0,0,1,0,1,1,1,1,0,5,2,2,1,1,4,4,10,12,12
"13",0,0,15,0,0,0,4,4,"health","services","course","father",1,1,0,0,1,1,1,1,1,1,0,4,3,3,1,3,5,2,14,14,14
"14",0,0,15,0,1,0,4,3,"teacher","other","course","mother",2,2,0,0,1,1,0,1,1,1,0,5,4,3,1,2,3,2,10,10,11
"15",0,0,15,0,1,1,2,2,"other","other","home","other",1,3,0,0,1,0,0,1,1,1,1,4,5,2,1,1,3,0,14,16,16
"16",0,1,16,0,1,0,4,4,"health","other","home","mother",1,1,0,0,1,0,0,1,1,1,0,4,4,4,1,2,2,4,14,14,14
"17",0,1,16,0,1,0,4,4,"services","services","reputation","mother",1,3,0,0,1,1,1,1,1,1,0,3,2,3,1,2,2,6,13,14,14
"18",0,1,16,0,1,0,3,3,"other","other","reputation","mother",3,2,0,1,1,0,1,1,1,0,0,5,3,2,1,1,4,4,8,10,10
"19",0,0,17,0,1,0,3,2,"services","services","course","mother",1,1,3,0,1,0,1,1,1,1,0,5,5,5,2,4,5,16,6,5,5
"20",0,0,16,0,0,0,4,3,"health","other","home","father",1,1,0,0,0,1,1,1,1,1,0,3,1,3,1,3,5,4,8,10,10
"21",0,0,15,0,1,0,4,3,"teacher","other","reputation","mother",1,2,0,0,0,0,0,1,1,1,0,4,4,1,1,1,1,0,13,14,15
"22",0,0,15,0,1,0,4,4,"health","health","other","father",1,1,0,0,1,1,0,1,1,1,0,5,4,2,1,1,5,0,12,15,15
"23",0,0,16,0,0,0,4,2,"teacher","other","course","mother",1,2,0,0,0,0,1,1,1,1,0,4,5,1,1,3,5,2,15,15,16
"24",0,0,16,0,0,0,2,2,"other","other","reputation","mother",2,2,0,0,1,0,1,1,1,1,0,5,4,4,2,4,5,0,13,13,12
"25",0,1,15,1,1,0,2,4,"services","health","course","mother",1,3,0,1,1,1,1,1,1,1,0,4,3,2,1,1,5,2,10,9,8
"26",0,1,16,0,1,0,2,2,"services","services","home","mother",1,1,2,0,1,1,0,0,1,1,0,1,2,2,1,3,5,14,6,9,8
"27",0,0,15,0,1,0,2,2,"other","other","home","mother",1,1,0,0,1,1,0,1,1,1,0,4,2,2,1,2,5,2,12,12,11
"28",0,0,15,0,1,0,4,2,"health","services","other","mother",1,1,0,0,0,1,0,1,1,1,0,2,2,4,2,4,1,4,15,16,15
"29",0,0,16,0,0,1,3,4,"services","other","home","mother",1,2,0,1,1,0,1,1,1,1,0,5,3,3,1,1,5,4,11,11,11
"30",0,0,16,0,1,0,4,4,"teacher","teacher","home","mother",1,2,0,0,1,1,1,1,1,1,1,4,4,5,5,5,5,16,10,12,11
"31",0,0,15,0,1,0,4,4,"health","services","home","mother",1,2,0,0,1,1,0,0,1,1,0,5,4,2,3,4,5,0,9,11,12
"32",0,0,15,0,1,0,4,4,"services","services","reputation","mother",2,2,0,0,1,0,1,1,1,1,0,4,3,1,1,1,5,0,17,16,17
"33",0,0,15,1,1,0,4,3,"teacher","at_home","course","mother",1,2,0,0,1,0,1,1,1,1,1,4,5,2,1,1,5,0,17,16,16
"34",0,0,15,0,0,0,3,3,"other","other","course","mother",1,2,0,0,0,0,1,0,1,1,0,5,3,2,1,1,2,0,8,10,12
"35",0,0,16,0,1,0,3,2,"other","other","home","mother",1,1,0,0,1,1,0,0,1,1,0,5,4,3,1,1,5,0,12,14,15
"36",0,1,15,0,1,0,2,3,"other","other","other","father",2,1,0,0,1,0,1,1,1,0,0,3,5,1,1,1,5,0,8,7,6
"37",0,0,15,0,0,0,4,3,"teacher","services","home","mother",1,3,0,0,1,0,1,1,1,1,0,5,4,3,1,1,4,2,15,16,18
"38",0,0,16,1,1,1,4,4,"other","teacher","reputation","mother",2,3,0,0,1,0,1,1,1,1,1,2,4,3,1,1,5,7,15,16,15
"39",0,1,15,1,1,0,3,4,"services","health","course","mother",1,3,0,1,1,1,1,1,1,1,0,4,3,2,1,1,5,2,12,12,11
"40",0,1,15,1,1,0,2,2,"at_home","other","reputation","mother",1,1,0,1,1,1,1,1,1,0,0,4,3,1,1,1,2,8,14,13,13
"41",0,1,16,0,0,0,2,2,"other","other","home","mother",2,2,1,0,1,0,1,0,1,1,1,3,3,3,1,2,3,25,7,10,11
"42",0,0,15,0,0,0,4,4,"teacher","other","home","other",1,1,0,0,1,0,0,0,1,1,1,5,4,3,2,4,5,8,12,12,12
"43",0,0,15,0,1,0,4,4,"services","teacher","course","father",1,2,0,0,1,0,1,1,1,1,0,4,3,3,1,1,5,2,19,18,18
"44",0,0,15,0,1,0,2,2,"services","services","course","father",1,1,0,1,1,0,0,1,1,1,0,5,4,1,1,1,1,0,8,8,11
"45",0,1,16,0,0,0,2,2,"other","at_home","course","father",2,2,1,1,0,0,1,1,1,1,0,4,3,3,2,2,5,14,10,10,9
"46",0,1,15,0,0,1,4,3,"other","other","course","mother",1,2,0,1,1,1,1,1,1,1,1,5,2,2,1,1,5,8,8,8,6
"47",0,1,16,0,0,1,3,3,"other","services","home","mother",1,2,0,0,1,0,0,1,1,1,0,2,3,5,1,4,3,12,11,12,11
"48",0,0,16,0,1,0,4,3,"health","services","reputation","mother",1,4,0,0,0,0,1,1,1,1,0,4,2,2,1,1,2,4,19,19,20
"49",0,0,15,0,1,0,4,2,"teacher","other","home","mother",1,2,0,0,1,1,0,1,1,0,0,4,3,3,2,2,5,2,15,15,14
"50",0,1,15,0,1,0,4,4,"services","teacher","other","father",1,2,1,1,1,0,1,0,1,1,0,4,4,4,1,1,3,2,7,7,7
"51",0,1,16,0,0,0,2,2,"services","services","course","mother",3,2,0,0,1,1,0,1,1,1,0,4,3,3,2,3,4,2,12,13,13
"52",0,1,15,0,0,0,4,2,"health","other","other","mother",1,2,0,0,1,1,0,1,1,1,0,4,3,3,1,1,5,2,11,13,13
"53",0,0,15,0,0,1,4,2,"health","health","other","father",2,1,1,0,0,0,0,1,1,0,0,5,5,5,3,4,5,6,11,11,10
"54",0,1,15,0,1,0,4,4,"services","services","course","mother",1,1,0,1,1,1,0,1,1,1,0,3,3,4,2,3,5,0,8,10,11
"55",0,1,15,0,0,1,3,3,"other","other","other","mother",1,1,0,0,0,1,0,1,1,1,0,5,3,4,4,4,1,6,10,13,13
"56",0,1,16,0,1,1,2,1,"other","other","other","mother",1,2,0,0,0,1,1,1,1,1,1,5,3,4,1,1,2,8,8,9,10
"57",0,1,15,0,1,1,4,3,"services","services","reputation","mother",1,2,0,0,1,1,1,1,1,1,0,4,3,2,1,1,1,0,14,15,15
"58",0,0,15,0,1,0,4,4,"teacher","health","reputation","mother",1,2,0,0,1,0,1,1,1,0,0,3,2,2,1,1,5,4,14,15,15
"59",0,0,15,0,0,0,1,2,"other","at_home","home","father",1,2,0,1,1,0,1,1,1,1,0,4,3,2,1,1,5,2,9,10,9
"60",0,1,16,0,1,0,4,2,"services","other","course","mother",1,2,0,0,1,0,0,1,1,1,0,4,2,3,1,1,5,2,15,16,16
"61",0,1,16,1,1,0,4,4,"health","teacher","other","mother",1,2,0,0,1,0,1,1,1,0,0,2,4,4,2,3,4,6,10,11,11
"62",0,1,16,0,1,0,1,1,"services","services","course","father",4,1,0,1,1,0,1,0,1,1,1,5,5,5,5,5,5,6,10,8,11
"63",0,1,16,0,0,0,1,2,"other","services","reputation","father",1,2,0,1,0,0,1,1,1,1,0,4,4,3,1,1,1,4,8,10,9
"64",0,1,16,0,1,0,4,3,"teacher","health","home","mother",1,3,0,1,1,1,1,1,1,1,0,3,4,4,2,4,4,2,10,9,9
"65",0,1,15,0,0,0,4,3,"services","services","reputation","father",1,2,0,1,0,0,1,1,1,1,1,4,4,4,2,4,2,0,10,10,10
"66",0,1,16,0,0,0,4,3,"teacher","services","course","mother",3,2,0,0,1,0,1,1,1,1,0,5,4,3,1,2,1,2,16,15,15
"67",0,0,15,0,1,1,4,4,"other","services","reputation","mother",1,4,0,0,1,0,1,0,1,1,1,1,3,3,5,5,3,4,13,13,12
"68",0,1,16,0,1,0,3,1,"services","other","course","mother",1,4,0,1,1,1,0,1,1,1,0,4,3,3,1,2,5,4,7,7,6
"69",0,1,15,1,0,0,2,2,"health","services","reputation","mother",2,2,0,1,1,1,0,1,1,1,0,4,1,3,1,3,4,2,8,9,8
"70",0,1,15,1,0,0,3,1,"other","other","reputation","father",2,4,0,0,1,0,0,0,1,1,0,4,4,2,2,3,3,12,16,16,16
"71",0,0,16,0,1,0,3,1,"other","other","reputation","father",2,4,0,0,1,1,0,1,1,1,0,4,3,2,1,1,5,0,13,15,15
"72",0,0,15,0,1,0,4,2,"other","other","course","mother",1,4,0,0,0,0,0,1,1,1,0,3,3,3,1,1,3,0,10,10,10
"73",0,1,15,1,1,0,1,1,"other","other","reputation","mother",1,2,2,1,1,0,0,0,1,1,1,3,3,4,2,4,5,2,8,6,5
"74",0,0,16,0,1,0,3,1,"other","other","reputation","mother",1,1,0,0,0,0,1,1,1,0,0,5,3,2,2,2,5,2,12,12,14
"75",0,1,16,0,1,0,3,3,"other","services","home","mother",1,2,0,1,1,1,1,1,1,1,0,4,3,3,2,4,5,54,11,12,11
"76",0,0,15,0,1,0,4,3,"teacher","other","home","mother",1,2,0,0,1,1,1,1,1,1,0,4,3,3,2,3,5,6,9,9,10
"77",0,0,15,0,1,0,4,0,"teacher","other","course","mother",2,4,0,0,0,0,1,1,1,1,0,3,4,3,1,1,1,8,11,11,10
"78",0,1,16,0,1,0,2,2,"other","other","reputation","mother",1,4,0,0,0,1,0,1,1,1,1,5,2,3,1,3,3,0,11,11,11
"79",0,0,17,0,1,0,2,1,"other","other","home","mother",2,1,3,1,1,0,1,1,0,1,0,4,5,1,1,1,3,2,8,8,10
"80",0,1,16,0,1,0,3,4,"at_home","other","course","mother",1,2,0,0,1,0,0,1,1,1,0,2,4,3,1,2,3,12,5,5,5
"81",0,0,15,0,1,0,2,3,"other","services","course","father",1,1,0,1,1,1,1,0,1,1,1,3,2,2,1,3,3,2,10,12,12
"82",0,0,15,0,1,0,2,3,"other","other","home","mother",1,3,0,1,0,1,0,0,1,1,0,5,3,2,1,2,5,4,11,10,11
"83",0,1,15,0,0,0,3,2,"services","other","reputation","mother",1,2,0,0,1,1,0,1,1,1,0,4,4,4,1,1,5,10,7,6,6
"84",0,0,15,0,0,0,2,2,"services","services","home","mother",2,2,0,0,0,1,1,1,1,1,0,5,3,3,1,3,4,4,15,15,15
"85",0,1,15,0,1,0,1,1,"other","other","home","father",1,2,0,0,1,0,1,0,1,1,0,4,3,2,2,3,4,2,9,10,10
"86",0,1,15,0,1,0,4,4,"services","services","reputation","father",2,2,2,0,0,1,0,1,1,1,1,4,4,4,2,3,5,6,7,9,8
"87",0,1,16,0,0,0,2,2,"at_home","other","course","mother",1,2,0,0,1,0,0,1,1,0,0,4,3,4,1,2,2,4,8,7,6
"88",0,1,15,0,1,0,4,2,"other","other","reputation","mother",1,3,0,0,1,0,1,1,1,1,0,5,3,3,1,3,1,4,13,14,14
"89",0,0,16,0,1,0,2,2,"services","other","reputation","father",2,2,1,0,0,1,1,0,1,1,0,4,4,2,1,1,3,12,11,10,10
"90",0,0,16,0,0,1,4,4,"teacher","health","reputation","mother",1,2,0,0,1,0,0,1,1,0,0,4,1,3,3,5,5,18,8,6,7
"91",0,1,16,0,1,0,3,3,"other","other","home","mother",1,3,0,0,1,1,0,1,1,1,1,4,3,3,1,3,4,0,7,7,8
"92",0,1,15,0,1,0,4,3,"services","other","reputation","mother",1,1,0,0,0,1,1,1,1,1,0,4,5,5,1,3,1,4,16,17,18
"93",0,1,16,0,0,0,3,1,"other","other","home","father",1,2,0,1,1,0,0,1,1,0,0,3,3,3,2,3,2,4,7,6,6
"94",0,1,16,0,1,0,4,2,"teacher","services","home","mother",2,2,0,0,1,1,1,1,1,1,0,5,3,3,1,1,1,0,11,10,10
"95",0,0,15,0,0,0,2,2,"services","health","reputation","mother",1,4,0,0,1,0,1,1,1,1,0,4,3,4,1,1,4,6,11,13,14
"96",0,1,15,1,1,0,1,1,"at_home","other","home","mother",2,4,1,1,1,1,1,1,1,1,0,3,1,2,1,1,1,2,7,10,10
"97",0,0,16,1,1,0,4,3,"services","other","reputation","mother",2,1,0,1,1,0,1,0,1,1,0,3,3,3,1,1,4,2,11,15,15
"98",0,1,16,0,1,0,2,1,"other","other","course","mother",1,2,0,0,1,1,0,1,1,0,1,4,3,5,1,1,5,2,8,9,10
"99",0,1,16,0,1,0,4,4,"other","other","reputation","mother",1,1,0,0,0,0,1,0,1,1,0,5,3,4,1,2,1,6,11,14,14
"100",0,1,16,0,1,0,4,3,"other","at_home","course","mother",1,3,0,1,1,1,0,1,1,1,0,5,3,5,1,1,3,0,7,9,8
"101",0,0,16,0,1,0,4,4,"services","services","other","mother",1,1,0,1,1,1,1,1,1,1,0,4,5,5,5,5,4,14,7,7,5
"102",0,0,16,0,1,0,4,4,"services","teacher","other","father",1,3,0,0,1,0,1,1,1,1,1,4,4,3,1,1,4,0,16,17,17
"103",0,0,15,0,1,0,4,4,"services","other","course","mother",1,1,0,0,1,0,1,0,1,1,0,5,3,3,1,1,5,4,10,13,14
"104",0,1,15,0,1,0,3,2,"services","other","home","mother",2,2,0,1,1,1,0,1,1,1,0,4,3,5,1,1,2,26,7,6,6
"105",0,0,15,0,1,1,3,4,"services","other","course","mother",1,2,0,0,1,1,1,1,1,1,0,5,4,4,1,1,1,0,16,18,18
"106",0,1,15,0,1,1,3,3,"other","health","reputation","father",1,4,0,1,0,0,0,1,1,0,0,4,3,3,1,1,4,10,10,11,11
"107",0,1,15,0,1,0,2,2,"other","other","course","mother",1,4,0,1,1,1,0,1,1,1,0,5,1,2,1,1,3,8,7,8,8
"108",0,0,16,0,1,0,3,3,"services","other","home","father",1,3,0,0,1,0,1,1,1,1,0,5,3,3,1,1,5,2,16,18,18
"109",0,0,15,1,1,0,4,4,"other","other","home","father",4,4,0,0,1,1,1,1,1,1,1,1,3,5,3,5,1,6,10,13,13
"110",0,1,16,0,0,0,4,4,"health","health","other","mother",1,3,0,0,1,1,1,1,1,1,1,5,4,5,1,1,4,4,14,15,16
"111",0,0,15,0,0,1,4,4,"teacher","teacher","course","mother",1,1,0,0,0,0,1,1,1,1,0,5,5,3,1,1,4,6,18,19,19
"112",0,1,16,1,1,0,3,3,"services","other","reputation","father",1,3,1,1,1,0,1,1,1,1,0,4,1,2,1,1,2,0,7,10,10
"113",0,1,16,0,1,0,2,2,"at_home","other","home","mother",1,2,1,1,0,0,1,1,1,1,0,3,1,2,1,1,5,6,10,13,13
"114",0,0,15,0,0,0,4,2,"teacher","other","course","mother",1,1,0,0,0,0,0,1,1,1,0,3,5,2,1,1,3,10,18,19,19
"115",0,0,15,1,1,0,2,1,"health","services","reputation","mother",1,2,0,0,0,0,1,1,1,1,1,5,4,2,1,1,5,8,9,9,9
"116",0,0,16,0,1,0,4,4,"teacher","teacher","course","father",1,2,0,0,1,0,1,1,1,1,0,5,4,4,1,2,5,2,15,15,16
"117",0,0,15,0,1,0,4,4,"other","teacher","reputation","father",2,2,0,0,1,0,1,1,1,0,0,4,4,3,1,1,2,2,11,13,14
"118",0,0,16,0,1,0,3,3,"other","services","home","father",2,1,0,0,0,0,1,1,1,1,0,5,4,2,1,1,5,0,13,14,13
"119",0,0,17,1,1,0,1,3,"other","other","course","father",3,2,1,0,1,0,1,1,1,1,0,5,2,4,1,4,5,20,9,7,8
"120",0,0,15,0,1,0,3,4,"other","other","reputation","father",1,1,0,0,0,0,0,1,1,1,0,3,4,3,1,2,4,6,14,13,13
"121",0,1,15,0,1,0,1,2,"at_home","services","course","mother",1,2,0,0,0,0,0,0,1,1,0,3,2,3,1,2,1,2,16,15,15
"122",0,0,15,0,1,0,2,2,"services","services","home","father",1,4,0,0,1,1,1,1,1,1,0,5,5,4,1,2,5,6,16,14,15
"123",0,1,16,0,0,0,2,4,"other","health","course","father",2,2,0,0,1,1,1,1,1,1,1,4,2,2,1,2,5,2,13,13,13
"124",0,0,16,0,1,0,4,4,"health","other","course","mother",1,1,0,0,1,0,1,1,1,1,0,3,4,4,1,4,5,18,14,11,13
"125",0,1,16,0,1,0,2,2,"other","other","home","mother",1,2,0,0,0,1,0,1,1,1,1,5,4,4,1,1,5,0,8,7,8
"126",0,0,15,0,1,0,3,4,"services","services","home","father",1,1,0,1,0,0,0,1,1,1,0,5,5,5,3,2,5,0,13,13,12
"127",0,1,15,0,0,1,3,4,"other","other","home","mother",1,2,0,1,0,0,1,1,1,1,1,5,3,2,1,1,1,0,7,10,11
"128",0,1,19,0,1,0,0,1,"at_home","other","course","other",1,2,3,0,1,0,0,0,0,0,0,3,4,2,1,1,5,2,7,8,9
"129",0,0,18,1,1,0,2,2,"services","other","reputation","mother",1,1,2,0,1,0,1,1,1,1,0,3,3,3,1,2,4,0,7,4,0
"130",0,0,16,1,1,0,4,4,"teacher","teacher","course","mother",1,1,0,0,0,1,1,1,1,1,0,3,5,5,2,5,4,8,18,18,18
"131",0,1,15,1,1,0,3,4,"services","teacher","course","father",2,3,2,0,1,0,0,1,1,1,1,4,2,2,2,2,5,0,12,0,0
"132",0,1,15,0,1,0,1,1,"at_home","other","course","mother",3,1,0,0,1,0,1,0,1,1,1,4,3,3,1,2,4,0,8,0,0
"133",0,1,17,0,0,0,2,2,"other","other","course","father",1,1,0,0,1,0,0,1,1,1,1,3,4,4,1,3,5,12,10,13,12
"134",0,1,16,0,1,1,3,4,"services","other","course","father",1,1,0,0,0,0,0,1,1,1,0,3,2,1,1,4,5,16,12,11,11
"135",0,0,15,1,1,0,3,4,"at_home","teacher","course","mother",4,2,0,0,1,0,0,1,1,0,1,5,3,3,1,1,5,0,9,0,0
"136",0,1,15,0,1,0,4,4,"services","at_home","course","mother",1,3,0,0,1,0,1,1,1,1,1,4,3,3,1,1,5,0,11,0,0
"137",0,0,17,1,1,0,3,4,"at_home","other","course","mother",3,2,0,0,0,0,0,1,1,0,0,5,4,5,2,4,5,0,10,0,0
"138",0,1,16,0,1,1,3,3,"other","other","course","other",2,1,2,0,1,0,1,0,1,1,1,4,3,2,1,1,5,0,4,0,0
"139",0,0,16,0,0,0,1,1,"services","other","course","mother",1,2,1,0,0,0,0,1,1,0,1,4,4,4,1,3,5,0,14,12,12
"140",0,1,15,0,1,0,4,4,"teacher","teacher","course","mother",2,1,0,0,0,0,1,1,1,1,0,4,3,2,1,1,5,0,16,16,15
"141",0,0,15,0,1,0,4,3,"teacher","services","course","father",2,4,0,1,1,0,0,1,1,1,0,2,2,2,1,1,3,0,7,9,0
"142",0,0,16,0,0,0,2,2,"services","services","reputation","father",2,1,2,0,1,0,1,1,1,1,0,2,3,3,2,2,2,8,9,9,9
"143",0,1,15,0,1,0,4,4,"teacher","services","course","mother",1,3,0,0,1,1,1,1,1,1,0,4,2,2,1,1,5,2,9,11,11
"144",0,1,16,0,0,0,1,1,"at_home","at_home","course","mother",1,1,0,0,0,0,0,1,1,1,0,3,4,4,3,3,1,2,14,14,13
"145",0,0,17,0,1,0,2,1,"other","other","home","mother",1,1,3,0,1,0,0,1,1,1,0,5,4,5,1,2,5,0,5,0,0
"146",0,1,15,0,1,0,1,1,"other","services","course","father",1,2,0,0,1,1,0,1,1,1,0,4,4,2,1,2,5,0,8,11,11
"147",0,1,15,0,1,0,3,2,"health","services","home","father",1,2,3,0,1,0,0,1,1,1,0,3,3,2,1,1,3,0,6,7,0
"148",0,1,15,0,1,0,1,2,"at_home","other","course","mother",1,2,0,0,1,1,0,0,1,1,0,4,3,2,1,1,5,2,10,11,11
"149",0,0,16,0,1,0,4,4,"teacher","teacher","course","mother",1,1,0,0,1,0,0,1,0,1,1,3,3,2,2,1,5,0,7,6,0
"150",0,0,15,0,0,1,2,1,"services","other","course","mother",4,1,3,0,0,0,0,1,1,1,0,4,5,5,2,5,5,0,8,9,10
"151",0,0,18,0,0,0,1,1,"other","other","course","mother",1,1,3,0,0,0,0,1,0,1,1,2,3,5,2,5,4,0,6,5,0
"152",0,0,16,0,0,0,2,1,"at_home","other","course","mother",1,1,1,0,0,0,1,1,1,0,1,4,4,4,3,5,5,6,12,13,14
"153",0,1,15,1,1,0,3,3,"services","services","reputation","other",2,3,2,0,1,1,1,1,1,1,1,4,2,1,2,3,3,8,10,10,10
"154",0,0,19,0,1,0,3,2,"services","at_home","home","mother",1,1,3,0,1,0,0,1,0,1,1,4,5,4,1,1,4,0,5,0,0
"155",0,1,17,0,1,0,4,4,"other","teacher","course","mother",1,1,0,1,1,0,0,1,1,0,1,4,2,1,1,1,4,0,11,11,12
"156",0,0,15,1,1,0,2,3,"at_home","services","course","mother",1,2,0,1,0,1,1,1,1,0,0,4,4,4,1,1,1,2,11,8,8
"157",0,0,17,1,0,0,1,2,"other","other","reputation","mother",1,1,0,0,0,0,0,1,1,0,0,2,2,2,3,3,5,8,16,12,13
"158",0,1,18,1,1,0,1,1,"at_home","other","course","mother",3,1,3,0,1,0,1,0,1,0,0,5,2,5,1,5,4,6,9,8,10
"159",0,0,16,1,1,0,2,2,"at_home","other","course","mother",3,1,0,0,0,0,0,0,1,0,0,4,2,2,1,2,3,2,17,15,15
"160",0,0,16,0,1,0,3,3,"other","services","course","father",1,2,1,0,1,1,0,1,1,1,1,4,5,5,4,4,5,4,10,12,12
"161",0,0,17,1,0,0,2,1,"at_home","other","course","mother",2,1,2,0,0,0,1,1,0,1,1,3,3,2,2,2,5,0,7,6,0
"162",0,0,15,1,1,0,3,2,"other","other","course","mother",2,2,2,1,1,0,0,1,1,1,1,4,4,4,1,4,3,6,5,9,7
"163",0,0,16,0,0,0,1,2,"other","other","course","mother",2,1,1,0,0,0,1,1,1,0,0,4,4,4,2,4,5,0,7,0,0
"164",0,0,17,0,1,0,1,3,"at_home","services","course","father",1,1,0,0,0,0,0,1,0,1,0,5,3,3,1,4,2,2,10,10,10
"165",0,0,17,1,0,0,1,1,"other","services","course","mother",4,2,3,0,0,0,1,1,0,0,1,5,3,5,1,5,5,0,5,8,7
"166",0,0,16,0,1,0,3,2,"services","services","course","mother",2,1,1,0,1,0,1,0,0,0,0,4,5,2,1,1,2,16,12,11,12
"167",0,0,16,0,1,0,2,2,"other","other","course","father",1,2,0,0,0,0,0,1,0,1,0,4,3,5,2,4,4,4,10,10,10
"168",0,1,16,0,1,0,4,2,"health","services","home","father",1,2,0,0,0,1,0,1,1,1,1,4,2,3,1,1,3,0,14,15,16
"169",0,1,16,0,1,0,2,2,"other","other","home","mother",1,2,0,0,1,1,0,0,1,1,0,5,1,5,1,1,4,0,6,7,0
"170",0,1,16,0,1,0,4,4,"health","health","reputation","mother",1,2,0,0,1,1,0,1,1,1,1,4,4,2,1,1,3,0,14,14,14
"171",0,0,16,0,1,0,3,4,"other","other","course","father",3,1,2,0,1,0,1,0,1,1,0,3,4,5,2,4,2,0,6,5,0
"172",0,0,16,0,1,0,1,0,"other","other","reputation","mother",2,2,0,0,1,1,1,1,1,1,1,4,3,2,1,1,3,2,13,15,16
"173",0,0,17,0,0,0,4,4,"teacher","other","reputation","mother",1,2,0,0,1,1,1,1,1,1,0,4,4,4,1,3,5,0,13,11,10
"174",0,1,16,0,1,0,1,3,"at_home","services","home","mother",1,2,3,0,0,0,1,0,1,1,1,4,3,5,1,1,3,0,8,7,0
"175",0,1,16,0,0,0,3,3,"other","other","reputation","mother",2,2,0,0,1,1,1,1,1,1,0,4,4,5,1,1,4,4,10,11,9
"176",0,0,17,0,0,0,4,3,"teacher","other","course","mother",2,2,0,0,0,1,1,1,1,1,0,4,4,4,4,4,4,4,10,9,9
"177",0,1,16,0,1,0,2,2,"services","other","reputation","mother",2,2,0,0,0,1,1,0,1,1,0,3,4,4,1,4,5,2,13,13,11
"178",0,0,17,0,1,0,3,3,"other","other","reputation","father",1,2,0,0,0,0,1,0,1,1,0,4,3,4,1,4,4,4,6,5,6
"179",0,0,16,1,1,0,4,2,"teacher","services","other","mother",1,1,0,0,1,0,1,1,1,1,1,4,3,3,3,4,3,10,10,8,9
"180",0,0,17,0,1,0,4,3,"other","other","course","mother",1,2,0,0,1,0,1,1,1,1,1,5,2,3,1,1,2,4,10,10,11
"181",0,0,16,0,1,0,4,3,"teacher","other","home","mother",1,2,0,0,1,1,1,1,1,1,0,3,4,3,2,3,3,10,9,8,8
"182",0,0,16,0,1,0,3,3,"services","other","home","mother",1,2,0,0,0,1,1,1,1,1,1,4,2,3,1,2,3,2,12,13,12
"183",0,1,17,0,1,0,2,4,"services","services","reputation","father",1,2,0,0,1,0,1,1,1,0,0,5,4,2,2,3,5,0,16,17,17
"184",0,1,17,0,0,0,3,3,"other","other","reputation","mother",1,2,0,0,1,0,1,1,1,1,1,5,3,3,2,3,1,56,9,9,8
"185",0,1,16,0,1,0,3,2,"other","other","reputation","mother",1,2,0,0,1,1,0,1,1,1,0,1,2,2,1,2,1,14,12,13,12
"186",0,0,17,0,1,0,3,3,"services","services","other","mother",1,2,0,0,1,0,1,1,1,1,1,4,3,4,2,3,4,12,12,12,11
"187",0,0,16,0,1,0,1,2,"services","services","other","mother",1,1,0,0,1,1,1,1,1,1,1,3,3,3,1,2,3,2,11,12,11
"188",0,0,16,0,0,0,2,1,"other","other","course","mother",1,2,0,0,0,1,1,1,1,1,1,4,2,3,1,2,5,0,15,15,15
"189",0,1,17,0,1,1,3,3,"health","other","reputation","mother",1,2,0,0,1,0,0,0,1,1,1,3,3,3,1,3,3,6,8,7,9
"190",0,0,17,1,1,0,1,2,"at_home","other","home","mother",1,2,0,0,0,0,0,1,1,0,0,3,1,3,1,5,3,4,8,9,10
"191",0,1,16,0,1,0,2,3,"services","services","course","mother",1,2,0,0,0,0,0,1,1,1,0,4,3,3,1,1,2,10,11,12,13
"192",0,1,17,0,1,0,1,1,"at_home","services","course","mother",1,2,0,0,0,0,1,1,1,1,0,5,3,3,1,1,3,0,8,8,9
"193",0,0,17,0,1,0,1,2,"at_home","services","other","other",2,2,0,0,0,1,1,0,1,1,0,4,4,4,4,5,5,12,7,8,8
"194",0,0,16,1,1,0,3,3,"services","services","reputation","mother",1,1,0,0,1,0,1,1,1,1,0,4,3,2,3,4,5,8,8,9,10
"195",0,0,16,0,1,0,2,3,"other","other","home","father",2,1,0,0,0,0,0,1,1,1,0,5,3,3,1,1,3,0,13,14,14
"196",0,1,17,0,0,0,2,4,"services","services","course","father",1,2,0,0,0,0,1,1,1,1,1,4,3,2,1,1,5,0,14,15,15
"197",0,0,17,0,1,0,4,4,"services","teacher","home","mother",1,1,0,0,0,0,0,1,1,1,0,5,2,3,1,2,5,4,17,15,16
"198",0,0,16,1,0,0,3,3,"teacher","other","home","father",3,1,0,0,1,1,1,1,1,1,0,3,3,4,3,5,3,8,9,9,10
"199",0,1,17,0,1,0,4,4,"services","teacher","home","mother",2,1,1,0,1,0,0,1,1,1,0,4,2,4,2,3,2,24,18,18,18
"200",0,1,16,0,0,0,4,4,"teacher","teacher","reputation","mother",1,2,0,0,1,1,0,1,1,1,0,4,5,2,1,2,3,0,9,9,10
"201",0,1,16,0,1,0,4,3,"health","other","home","mother",1,2,0,0,1,0,1,1,1,1,0,4,3,5,1,5,2,2,16,16,16
"202",0,1,16,0,1,0,2,3,"other","other","reputation","mother",1,2,0,1,1,1,1,1,1,0,0,4,4,3,1,3,4,6,8,10,10
"203",0,1,17,0,1,0,1,1,"other","other","course","mother",1,2,0,0,1,1,0,0,1,0,0,4,4,4,1,3,1,4,9,9,10
"204",0,1,17,1,1,0,2,2,"other","other","reputation","mother",1,1,0,0,1,0,0,1,1,1,0,5,3,2,1,2,3,18,7,6,6
"205",0,1,16,1,1,0,2,2,"services","services","reputation","mother",2,4,0,0,1,1,1,0,1,1,0,5,3,5,1,1,5,6,10,10,11
"206",0,1,17,0,1,0,3,4,"at_home","services","home","mother",1,3,1,0,1,1,0,1,1,1,1,4,4,3,3,4,5,28,10,9,9
"207",0,1,16,0,1,1,3,1,"services","other","course","mother",1,2,3,0,1,1,0,1,1,1,0,2,3,3,2,2,4,5,7,7,7
"208",0,1,16,0,1,0,4,3,"teacher","other","other","mother",1,2,0,0,0,1,1,1,1,1,1,1,3,2,1,1,1,10,11,12,13
"209",0,1,16,0,1,0,1,1,"at_home","other","home","mother",2,1,0,0,1,1,0,1,1,0,0,4,3,2,1,4,5,6,9,9,10
"210",0,1,17,1,1,0,4,3,"teacher","other","reputation","mother",2,3,0,0,1,1,1,1,1,1,1,4,4,2,1,1,4,6,7,7,7
"211",0,1,19,0,1,0,3,3,"other","other","reputation","other",1,4,0,0,1,1,1,1,1,1,0,4,3,3,1,2,3,10,8,8,8
"212",0,0,17,0,0,0,4,4,"services","other","home","mother",1,2,0,0,1,1,0,1,1,1,1,5,3,5,4,5,3,13,12,12,13
"213",0,1,16,0,1,1,2,2,"other","other","reputation","mother",1,2,0,1,1,1,0,1,1,1,0,3,3,4,1,1,4,0,12,13,14
"214",0,0,18,0,1,0,2,2,"services","other","home","mother",1,2,1,0,1,1,1,1,1,1,0,4,4,4,2,4,5,15,6,7,8
"215",0,1,17,1,0,0,4,4,"services","other","other","mother",1,1,0,0,1,1,0,1,1,0,0,5,2,1,1,2,3,12,8,10,10
"216",0,1,17,0,0,0,3,2,"other","other","reputation","mother",2,2,0,0,0,1,0,1,1,1,0,4,4,4,1,3,1,2,14,15,15
"217",0,1,17,0,1,0,4,3,"other","other","reputation","mother",1,2,2,0,0,1,0,1,1,1,1,3,4,5,2,4,1,22,6,6,4
"218",0,0,18,0,0,0,3,3,"services","health","home","father",1,2,1,0,1,1,0,1,1,1,0,3,2,4,2,4,4,13,6,6,8
"219",0,1,17,0,1,0,2,3,"at_home","other","home","father",2,1,0,0,1,1,0,1,1,0,0,3,3,3,1,4,3,3,7,7,8
"220",0,1,17,0,1,0,2,2,"at_home","at_home","course","mother",1,3,0,0,1,1,1,1,1,1,0,4,3,3,1,1,4,4,9,10,10
"221",0,1,17,1,1,0,2,1,"at_home","services","reputation","mother",2,2,0,0,1,0,1,1,1,1,0,4,2,5,1,2,5,2,6,6,6
"222",0,1,17,0,1,0,1,1,"at_home","other","reputation","mother",1,3,1,0,1,0,1,1,1,0,1,4,3,4,1,1,5,0,6,5,0
"223",0,1,16,0,1,0,2,3,"services","teacher","other","mother",1,2,0,1,0,0,0,1,1,1,0,2,3,1,1,1,3,2,16,16,17
"224",0,0,18,0,1,0,2,2,"other","other","home","mother",2,2,0,0,1,1,0,1,1,1,0,3,3,3,5,5,4,0,12,13,13
"225",0,1,16,0,1,0,4,4,"teacher","services","home","mother",1,3,0,0,1,0,1,0,1,1,0,5,3,2,1,1,5,0,13,13,14
"226",0,1,18,1,1,0,3,1,"other","other","reputation","mother",1,2,1,0,0,0,1,1,1,1,1,5,3,3,1,1,4,16,9,8,7
"227",0,1,17,0,1,0,3,2,"other","other","course","mother",1,2,0,0,0,0,1,0,1,1,0,5,3,4,1,3,3,10,16,15,15
"228",0,0,17,0,0,0,2,3,"services","services","reputation","father",1,2,0,0,1,1,0,0,1,1,0,5,3,3,1,3,3,2,12,11,12
"229",0,0,18,0,0,0,2,1,"at_home","other","course","mother",4,2,0,1,1,1,1,1,1,1,1,4,3,2,4,5,3,14,10,8,9
"230",0,1,17,0,1,1,2,1,"other","other","course","mother",2,3,0,0,0,0,1,1,1,1,1,3,2,3,1,2,3,10,12,10,12
"231",0,1,17,0,0,0,4,3,"health","other","reputation","father",1,2,0,0,0,0,1,1,1,1,1,3,2,3,1,2,3,14,13,13,14
"232",0,0,17,1,1,0,2,2,"other","other","course","father",2,2,0,0,1,1,1,1,1,1,0,4,5,2,1,1,1,4,11,11,11
"233",0,0,17,0,1,0,4,4,"teacher","teacher","reputation","mother",1,2,0,1,1,0,1,1,1,1,1,4,5,5,1,3,2,14,11,9,9
"234",0,0,16,0,1,0,4,4,"health","other","reputation","father",1,2,0,0,1,1,1,1,1,1,0,4,2,4,2,4,1,2,14,13,13
"235",0,0,16,0,0,0,1,1,"other","other","home","mother",2,2,0,0,1,1,0,1,1,1,0,3,4,2,1,1,5,18,9,7,6
"236",0,0,16,0,1,0,3,2,"at_home","other","reputation","mother",2,3,0,0,0,0,1,1,1,1,1,5,3,3,1,3,2,10,11,9,10
"237",0,0,17,0,0,0,2,2,"other","other","home","father",1,2,0,0,0,1,1,0,1,1,1,4,4,2,5,5,4,4,14,13,13
"238",0,1,16,0,1,0,2,1,"other","other","home","mother",1,1,0,0,0,0,0,1,1,1,1,4,5,2,1,1,5,20,13,12,12
"239",0,1,17,1,1,0,2,1,"at_home","services","course","mother",3,2,0,0,0,0,1,1,1,0,0,2,1,1,1,1,3,2,13,11,11
"240",0,0,18,0,1,0,2,2,"other","services","reputation","father",1,2,1,0,0,0,0,1,0,1,0,5,5,4,3,5,2,0,7,7,0
"241",0,0,17,0,0,0,4,3,"health","other","course","mother",2,2,0,0,0,0,1,1,1,1,1,2,5,5,1,4,5,14,12,12,12
"242",0,0,17,1,0,1,4,4,"teacher","other","course","mother",2,2,0,0,1,1,0,1,1,1,0,3,3,3,2,3,4,2,10,11,12
"243",0,0,16,0,0,0,4,3,"teacher","other","course","mother",1,1,0,0,0,0,1,0,1,1,0,5,4,5,1,1,3,0,6,0,0
"244",0,0,16,0,1,0,4,4,"services","services","course","mother",1,1,0,0,0,0,1,1,1,1,0,5,3,2,1,2,5,0,13,12,12
"245",0,1,18,0,1,0,2,1,"other","other","course","other",2,3,0,0,1,1,0,0,1,1,1,4,4,4,1,1,3,0,7,0,0
"246",0,0,16,0,1,0,2,1,"other","other","course","mother",3,1,0,0,0,0,0,1,1,1,0,4,3,3,1,1,4,6,18,18,18
"247",0,0,17,0,1,0,2,3,"other","other","course","father",2,1,0,0,0,0,0,1,1,1,0,5,2,2,1,1,2,4,12,12,13
"248",0,0,22,0,1,0,3,1,"services","services","other","mother",1,1,3,0,0,0,0,0,0,1,1,5,4,5,5,5,1,16,6,8,8
"249",0,0,18,1,0,0,3,3,"other","services","course","mother",1,2,1,0,1,0,0,1,1,1,1,4,3,3,1,3,5,8,3,5,5
"250",0,0,16,0,1,0,0,2,"other","other","other","mother",1,1,0,0,0,1,0,0,1,1,0,4,3,2,2,4,5,0,13,15,15
"251",0,0,18,0,1,0,3,2,"services","other","course","mother",2,1,1,0,0,0,0,1,0,1,0,4,4,5,2,4,5,0,6,8,8
"252",0,0,16,0,1,0,3,3,"at_home","other","reputation","other",3,2,0,1,1,0,0,0,1,1,0,5,3,3,1,3,2,6,7,10,10
"253",0,0,18,0,1,0,2,1,"services","services","other","mother",1,1,1,0,0,0,0,0,0,1,0,3,2,5,2,5,5,4,6,9,8
"254",0,0,16,1,1,0,2,1,"other","other","course","mother",2,1,0,0,0,0,1,0,1,0,0,3,3,2,1,3,3,0,8,9,8
"255",0,0,17,1,1,0,2,1,"other","other","course","mother",1,1,0,0,0,0,0,0,1,1,0,4,4,2,2,4,5,0,8,12,12
"256",0,0,17,0,0,0,1,1,"health","other","course","mother",2,1,1,0,1,0,1,1,1,1,0,4,4,4,1,2,5,2,7,9,8
"257",0,1,17,0,0,0,4,2,"teacher","services","reputation","mother",1,4,0,0,1,1,1,1,1,1,0,4,2,3,1,1,4,6,14,12,13
"258",0,0,19,0,0,1,4,3,"services","at_home","reputation","mother",1,2,0,0,1,0,0,1,1,1,0,4,3,1,1,1,1,12,11,11,11
"259",0,0,18,0,1,0,2,1,"other","other","home","mother",1,2,0,0,0,0,1,1,1,1,0,5,2,4,1,2,4,8,15,14,14
"260",0,1,17,0,0,0,2,2,"services","services","course","father",1,4,0,0,0,1,1,1,1,1,1,3,4,1,1,1,2,0,10,9,0
"261",0,1,18,0,1,0,4,3,"services","other","home","father",1,2,0,0,1,1,0,1,1,1,1,3,1,2,1,3,2,21,17,18,18
"262",0,0,18,0,1,0,4,3,"teacher","other","course","mother",1,2,0,0,1,1,0,0,1,1,0,4,3,2,1,1,3,2,8,8,8
"263",0,0,18,1,1,0,3,2,"other","other","course","mother",1,3,0,0,0,0,1,0,1,0,0,5,3,2,1,1,3,1,13,12,12
"264",0,1,17,0,1,0,3,3,"other","other","home","mother",1,3,0,0,0,0,1,0,1,0,0,3,2,3,1,1,4,4,10,9,9
"265",0,1,18,0,1,0,2,2,"at_home","services","home","mother",1,3,0,0,1,1,1,1,1,1,1,4,3,3,1,1,3,0,9,10,0
"266",0,0,18,1,0,1,3,4,"other","other","reputation","mother",2,2,0,0,1,1,1,1,1,1,0,4,2,5,3,4,1,13,17,17,17
"267",0,0,17,0,1,0,3,1,"services","other","other","mother",1,2,0,0,0,1,1,1,1,1,1,5,4,4,3,4,5,2,9,9,10
"268",0,1,18,1,1,0,4,4,"teacher","other","reputation","mother",2,2,0,0,0,1,1,1,1,1,0,4,3,4,2,2,4,8,12,10,11
"269",0,0,18,0,1,0,4,2,"health","other","reputation","father",1,2,0,0,1,1,1,1,1,1,1,5,4,5,1,3,5,10,10,9,10
"270",0,1,18,1,1,0,2,1,"other","other","reputation","mother",2,2,0,0,1,0,0,1,0,1,1,4,3,5,1,2,3,0,6,0,0
"271",0,1,19,0,1,0,3,3,"other","services","home","other",1,2,2,0,1,1,1,1,1,1,0,4,3,5,3,3,5,15,9,9,9
"272",0,1,18,0,1,0,2,3,"other","services","reputation","father",1,4,0,0,1,1,1,1,1,1,1,4,5,5,1,3,2,4,15,14,14
"273",0,1,18,0,0,0,1,1,"other","other","home","mother",2,2,0,0,1,1,0,0,1,0,0,4,4,3,1,1,3,2,11,11,11
"274",0,0,17,1,1,0,1,2,"at_home","at_home","home","mother",1,2,0,0,1,1,1,0,1,0,1,3,5,2,2,2,1,2,15,14,14
"275",0,1,17,0,1,0,2,4,"at_home","health","reputation","mother",2,2,0,0,1,1,0,1,1,1,1,4,3,3,1,1,1,2,10,10,10
"276",0,1,17,0,0,0,2,2,"services","other","course","mother",2,2,0,1,1,1,0,1,1,1,1,4,4,4,2,3,5,6,12,12,12
"277",0,1,18,1,1,1,3,2,"other","services","home","mother",2,2,0,0,0,0,0,0,0,1,1,4,1,1,1,1,5,75,10,9,9
"278",0,0,18,0,1,0,4,4,"teacher","services","home","mother",2,1,0,0,0,1,1,1,1,1,0,3,2,4,1,4,3,22,9,9,9
"279",0,1,18,0,1,0,4,4,"health","health","reputation","father",1,2,1,1,1,0,1,1,1,1,1,2,4,4,1,1,4,15,9,8,8
"280",0,0,18,0,0,0,4,3,"teacher","services","course","mother",2,1,0,0,0,1,1,1,1,1,0,4,2,3,1,2,1,8,10,11,10
"281",0,0,17,0,0,1,4,1,"services","other","home","mother",2,1,0,0,0,1,1,1,1,1,1,4,5,4,2,4,5,30,8,8,8
"282",0,0,17,0,0,1,3,2,"teacher","services","home","mother",1,1,1,0,0,0,0,1,1,1,0,4,4,4,3,4,3,19,11,9,10
"283",0,1,18,1,0,0,1,1,"at_home","other","reputation","mother",2,4,0,0,1,1,1,1,1,0,0,5,2,2,1,1,3,1,12,12,12
"284",0,1,18,0,1,0,1,1,"other","other","home","mother",2,2,0,1,0,0,1,1,1,1,0,5,4,4,1,1,4,4,8,9,10
"285",0,1,17,0,1,0,2,2,"other","other","course","mother",1,2,0,0,1,0,0,0,1,1,0,5,4,5,1,2,5,4,10,9,11
"286",0,0,17,0,1,0,1,1,"other","other","reputation","father",1,2,0,0,0,1,0,0,1,1,0,4,3,3,1,2,4,2,12,10,11
"287",0,1,18,0,1,0,2,2,"at_home","at_home","other","mother",1,3,0,0,1,1,0,1,1,1,0,4,3,3,1,2,2,5,18,18,19
"288",0,1,17,0,1,0,1,1,"services","teacher","reputation","mother",1,3,0,0,1,1,0,1,1,1,0,4,3,3,1,1,3,6,13,12,12
"289",0,0,18,0,1,0,2,1,"services","services","reputation","mother",1,3,0,0,0,1,1,1,1,1,0,4,2,4,1,3,2,6,15,14,14
"290",0,0,18,0,0,1,4,4,"teacher","teacher","reputation","mother",1,2,0,0,1,1,1,1,1,1,0,5,4,3,1,1,2,9,15,13,15
"291",0,0,18,0,1,0,4,2,"teacher","other","home","mother",1,2,0,0,1,1,1,1,1,1,1,4,3,2,1,4,5,11,12,11,11
"292",0,1,17,0,1,0,4,3,"health","services","reputation","mother",1,3,0,0,1,1,0,1,1,1,0,4,2,2,1,2,3,0,15,15,15
"293",0,1,18,0,0,0,2,1,"services","at_home","reputation","mother",1,2,1,0,0,0,0,1,1,1,1,5,4,3,1,1,5,12,12,12,13
"294",0,1,17,1,0,0,3,1,"services","other","reputation","mother",2,4,0,0,1,1,0,1,1,0,0,3,1,2,1,1,3,6,18,18,18
"295",0,0,18,1,0,0,3,2,"services","other","reputation","mother",2,3,0,0,1,1,1,1,1,1,0,5,4,2,1,1,4,8,14,13,14
"296",0,0,17,0,1,0,3,3,"health","other","home","mother",1,1,0,0,1,1,0,1,1,1,0,4,4,3,1,3,5,4,14,12,11
"297",0,1,19,0,1,0,4,4,"health","other","reputation","other",2,2,0,0,1,1,1,1,1,1,0,2,3,4,2,3,2,0,10,9,0
"298",0,1,18,0,0,0,4,3,"other","other","home","other",2,2,0,0,1,1,0,1,1,1,1,4,4,5,1,2,2,10,10,8,8
"299",0,1,18,0,1,0,4,3,"other","other","reputation","father",1,4,0,0,1,1,0,1,1,1,0,4,3,3,1,1,3,0,14,13,14
"300",0,0,18,0,0,0,4,4,"teacher","teacher","home","mother",1,1,0,0,1,1,0,1,1,1,1,1,4,2,2,2,1,5,16,15,16
"301",0,1,18,0,0,1,4,4,"health","other","home","mother",1,2,0,0,1,0,0,1,1,1,1,4,2,4,1,1,4,14,12,10,11
"302",0,0,17,0,0,0,4,4,"other","teacher","home","father",2,1,0,0,0,1,0,1,1,1,0,4,1,1,2,2,5,0,11,11,10
"303",0,1,17,0,1,0,4,2,"other","other","reputation","mother",2,3,0,0,1,1,0,1,1,1,0,4,3,3,1,1,3,0,15,12,14
"304",0,1,17,0,1,0,3,2,"health","health","reputation","father",1,4,0,0,1,1,1,0,1,1,0,5,2,2,1,2,5,0,17,17,18
"305",0,0,19,0,1,0,3,3,"other","other","home","other",1,2,1,0,1,0,1,1,1,1,1,4,4,4,1,1,3,20,15,14,13
"306",0,1,18,0,1,0,2,4,"services","at_home","reputation","other",1,2,1,0,1,1,1,1,1,1,0,4,4,3,1,1,3,8,14,12,12
"307",0,0,20,0,1,1,3,2,"services","other","course","other",1,1,0,0,0,0,1,1,1,0,0,5,5,3,1,1,5,0,17,18,18
"308",0,0,19,0,1,0,4,4,"teacher","services","reputation","other",2,1,1,0,1,1,0,1,1,1,1,4,3,4,1,1,4,38,8,9,8
"309",0,0,19,1,1,0,3,3,"other","services","reputation","father",1,2,1,0,0,0,1,1,1,0,1,4,5,3,1,2,5,0,15,12,12
"310",0,1,19,0,0,0,1,1,"at_home","other","reputation","other",1,2,1,1,1,0,1,0,1,1,0,4,4,3,1,3,3,18,12,10,10
"311",0,1,19,0,0,0,1,2,"services","services","home","other",1,2,1,0,0,0,1,0,1,0,1,4,2,4,2,2,3,0,9,9,0
"312",0,1,19,0,1,0,2,1,"at_home","other","other","other",3,2,0,0,1,0,0,1,0,1,1,3,4,1,1,1,2,20,14,12,13
"313",0,0,19,0,1,0,1,2,"other","services","course","other",1,2,1,0,0,0,0,0,1,1,0,4,5,2,2,2,4,3,13,11,11
"314",0,1,19,0,0,0,3,2,"services","other","reputation","other",2,2,1,0,1,1,0,0,1,1,1,4,2,2,1,2,1,22,13,10,11
"315",0,1,19,0,1,0,1,1,"at_home","health","home","other",1,3,2,0,0,0,0,0,1,1,1,4,1,2,1,1,3,14,15,13,13
"316",0,1,19,1,1,0,2,3,"other","other","reputation","other",1,3,1,0,0,0,0,1,1,1,1,4,1,2,1,1,3,40,13,11,11
"317",0,1,18,0,1,0,2,1,"services","other","course","mother",2,2,0,0,1,1,1,1,1,1,0,5,3,3,1,2,1,0,8,8,0
"318",0,1,18,0,1,0,4,3,"other","other","course","mother",1,3,0,0,1,1,1,1,1,1,1,4,3,4,1,1,5,9,9,10,9
"319",0,1,17,1,1,0,3,4,"at_home","services","course","father",1,3,0,0,1,1,1,0,1,1,0,4,3,4,2,5,5,0,11,11,10
"320",0,1,18,0,1,0,4,4,"teacher","other","course","mother",1,2,0,0,1,1,0,1,1,1,0,4,4,4,3,3,5,2,11,11,11
"321",0,1,17,0,1,1,4,3,"services","services","course","mother",1,2,0,0,1,1,0,1,1,1,1,5,2,2,1,2,5,23,13,13,13
"322",0,1,17,0,1,0,2,2,"other","other","course","mother",1,2,0,0,1,0,0,1,1,0,1,4,2,2,1,1,3,12,11,9,9
"323",0,1,17,1,0,0,2,2,"services","services","course","mother",1,3,0,0,1,1,1,1,1,1,0,3,3,2,2,2,3,3,11,11,11
"324",0,1,17,0,1,0,3,1,"services","services","course","father",1,3,0,0,1,0,0,0,1,1,0,3,4,3,2,3,5,1,12,14,15
"325",0,1,17,0,0,0,0,2,"at_home","at_home","home","father",2,3,0,0,0,0,0,1,1,1,0,3,3,3,2,3,2,0,16,15,15
"326",0,0,18,0,1,0,4,4,"other","other","course","mother",1,3,0,0,0,0,1,1,1,1,0,4,3,3,2,2,3,3,9,12,11
"327",0,0,17,0,1,0,3,3,"other","services","reputation","mother",1,1,0,0,0,0,1,0,1,1,0,4,3,5,3,5,5,3,14,15,16
"328",0,0,17,1,1,0,2,2,"services","other","course","mother",4,1,0,0,1,0,0,1,1,1,0,4,4,5,5,5,4,8,11,10,10
"329",0,1,17,0,1,0,4,4,"teacher","services","course","mother",1,3,0,0,1,1,1,1,1,1,0,5,4,4,1,3,4,7,10,9,9
"330",0,1,17,0,1,0,4,4,"teacher","teacher","course","mother",2,3,0,0,1,1,0,0,1,1,1,4,3,3,1,2,4,4,14,14,14
"331",0,0,18,0,0,0,2,2,"other","other","course","mother",1,4,0,0,1,0,1,1,1,1,0,4,5,5,2,4,5,2,9,8,8
"332",0,1,17,1,1,0,2,4,"at_home","other","course","father",1,3,0,0,1,0,0,1,1,1,1,4,4,3,1,1,5,7,12,14,14
"333",0,1,18,0,1,0,3,3,"services","services","home","mother",1,2,0,0,0,0,1,1,1,1,0,5,3,4,1,1,4,0,7,0,0
"334",0,1,18,0,0,0,2,2,"other","other","home","other",1,2,0,0,0,0,1,0,1,1,1,4,3,3,1,1,2,0,8,8,0
"335",0,1,18,1,1,0,2,2,"at_home","other","course","mother",2,4,0,0,0,0,1,1,1,0,0,4,4,4,1,1,4,0,10,9,0
"336",0,1,17,0,1,0,3,4,"services","other","course","mother",1,3,0,0,0,0,0,1,1,1,0,4,4,5,1,3,5,16,16,15,15
"337",0,1,19,1,1,1,3,1,"services","at_home","home","other",1,3,1,0,0,1,0,1,1,0,0,5,4,3,1,2,5,12,14,13,13
"338",0,1,17,0,1,0,3,2,"other","other","home","mother",1,2,0,0,1,1,0,1,1,1,1,4,3,2,2,3,2,0,7,8,0
"339",0,1,18,0,0,0,3,3,"services","services","home","mother",1,4,0,0,1,0,0,1,1,1,0,5,3,3,1,1,1,7,16,15,17
"340",0,1,17,1,1,1,3,2,"other","other","home","mother",1,2,0,0,1,1,0,1,1,1,0,4,3,3,2,3,2,4,9,10,10
"341",0,1,19,0,1,0,2,1,"services","services","home","other",1,3,1,0,0,1,1,1,1,1,1,4,3,4,1,3,3,4,11,12,11
"342",0,0,18,0,1,0,4,4,"teacher","services","home","father",1,2,1,0,1,0,1,1,1,1,0,4,3,3,2,2,2,0,10,10,0
"343",0,0,18,0,0,0,3,4,"services","other","home","mother",1,2,0,0,0,0,1,1,1,1,1,4,3,3,1,3,5,11,16,15,15
"344",0,1,17,0,1,1,2,2,"at_home","at_home","home","father",1,2,1,0,1,0,0,1,1,1,1,3,3,1,1,2,4,0,9,8,0
"345",0,1,18,0,1,0,2,3,"at_home","other","course","mother",1,3,0,0,1,0,0,1,1,1,0,4,3,3,1,2,3,4,11,10,10
"346",0,1,18,0,1,0,3,2,"other","services","other","mother",1,3,0,0,0,0,0,1,1,1,1,5,4,3,2,3,1,7,13,13,14
"347",0,0,18,1,1,0,4,3,"teacher","services","course","mother",1,3,0,0,0,0,0,1,1,1,1,5,3,2,1,2,4,9,16,15,16
"348",0,0,18,0,1,0,4,3,"teacher","other","course","mother",1,3,0,0,1,1,0,1,1,1,1,5,4,5,2,3,5,0,10,10,9
"349",0,1,17,0,1,0,4,3,"health","other","reputation","mother",1,3,0,0,1,1,1,1,1,1,1,4,4,3,1,3,4,0,13,15,15
"350",1,0,18,1,1,0,3,2,"other","other","course","mother",2,1,1,0,1,0,0,0,1,1,0,2,5,5,5,5,5,10,11,13,13
"351",1,0,19,1,1,0,1,1,"other","services","home","other",3,2,3,0,0,0,0,1,1,1,0,5,4,4,3,3,2,8,8,7,8
"352",1,0,17,0,1,0,3,3,"health","other","course","mother",2,2,0,0,1,1,0,1,1,1,0,4,5,4,2,3,3,2,13,13,13
"353",1,0,18,0,0,0,1,3,"at_home","services","course","mother",1,1,1,0,0,0,0,1,0,1,1,4,3,3,2,3,3,7,8,7,8
"354",1,0,19,1,1,0,1,1,"other","other","home","other",3,1,1,0,1,0,0,1,1,1,0,4,4,4,3,3,5,4,8,8,8
"355",1,0,17,1,1,0,4,3,"services","other","home","mother",2,2,0,0,1,1,1,0,1,1,1,4,5,5,1,3,2,4,13,11,11
"356",1,1,18,0,1,0,3,3,"services","services","course","father",1,2,0,0,1,0,0,1,1,0,1,5,3,4,1,1,5,0,10,9,9
"357",1,1,17,1,1,0,4,4,"teacher","services","other","father",2,2,0,0,1,1,1,1,1,1,0,4,3,3,1,2,5,4,12,13,13
"358",1,1,17,0,0,1,3,2,"services","other","reputation","mother",2,2,0,0,0,0,0,1,1,0,1,1,2,3,1,2,5,2,12,12,11
"359",1,0,18,0,0,0,1,1,"other","services","home","father",2,1,0,0,0,0,0,0,1,1,1,3,3,2,1,2,3,4,10,10,10
"360",1,1,18,0,0,0,1,1,"at_home","services","course","father",2,3,0,0,0,0,0,1,1,1,0,5,3,2,1,1,4,0,18,16,16
"361",1,1,18,1,0,1,1,4,"at_home","other","course","mother",3,2,0,0,0,0,0,1,1,0,1,4,3,4,1,4,5,0,13,13,13
"362",1,0,18,1,0,0,1,1,"at_home","other","other","mother",2,2,1,0,0,0,1,0,0,0,0,4,4,3,2,3,5,2,13,12,12
"363",1,1,18,0,1,0,3,3,"services","services","other","mother",2,2,0,0,1,0,0,1,1,1,1,4,3,2,1,3,3,0,11,11,10
"364",1,1,17,0,0,0,4,4,"at_home","at_home","course","mother",1,2,0,0,1,1,1,1,1,1,1,2,3,4,1,1,1,0,16,15,15
"365",1,1,17,1,1,0,1,2,"other","services","course","father",2,2,0,0,0,0,0,0,1,0,0,3,2,2,1,2,3,0,12,11,12
"366",1,0,18,1,1,0,1,3,"at_home","other","course","mother",2,2,0,0,1,1,0,1,1,0,0,3,3,4,2,4,3,4,10,10,10
"367",1,0,18,0,0,0,4,4,"teacher","services","other","mother",2,3,0,0,0,1,0,1,1,1,1,4,2,2,2,2,5,0,13,13,13
"368",1,1,17,1,1,0,1,1,"other","services","reputation","mother",3,1,1,0,1,1,0,1,1,1,1,5,2,1,1,2,1,0,7,6,0
"369",1,1,18,0,1,0,2,3,"at_home","services","course","father",2,1,0,0,1,1,0,1,1,1,1,5,2,3,1,2,4,0,11,10,10
"370",1,1,18,1,1,0,4,4,"other","teacher","other","father",3,2,0,0,1,1,0,0,1,1,1,3,2,2,4,2,5,10,14,12,11
"371",1,1,19,0,0,0,3,2,"services","services","home","other",2,2,2,0,0,0,1,1,1,0,1,3,2,2,1,1,3,4,7,7,9
"372",1,0,18,1,0,0,1,2,"at_home","services","other","father",3,1,0,0,1,1,1,1,0,1,1,4,3,3,2,3,3,3,14,12,12
"373",1,1,17,0,1,0,2,2,"other","at_home","home","mother",1,3,0,0,0,0,1,1,1,0,1,3,4,3,1,1,3,8,13,11,11
"374",1,1,17,1,1,0,1,2,"other","other","course","mother",1,1,0,0,0,0,1,1,1,1,0,3,5,5,1,3,1,14,6,5,5
"375",1,1,18,1,0,0,4,4,"other","other","reputation","mother",2,3,0,0,0,0,0,1,1,1,0,5,4,4,1,1,1,0,19,18,19
"376",1,1,18,1,1,0,1,1,"other","other","home","mother",4,3,0,0,0,0,0,1,1,1,0,4,3,2,1,2,4,2,8,8,10
"377",1,1,20,0,1,0,4,2,"health","other","course","other",2,3,2,0,1,1,0,0,1,1,1,5,4,3,1,1,3,4,15,14,15
"378",1,1,18,1,0,0,4,4,"teacher","services","course","mother",1,2,0,0,0,1,1,1,1,1,0,5,4,3,3,4,2,4,8,9,10
"379",1,1,18,0,1,0,3,3,"other","other","home","mother",1,2,0,0,0,1,0,1,1,1,1,4,1,3,1,2,1,0,15,15,15
"380",1,1,17,1,1,0,3,1,"at_home","other","reputation","mother",1,2,0,0,1,1,1,0,1,1,0,4,5,4,2,3,1,17,10,10,10
"381",1,0,18,0,1,0,4,4,"teacher","teacher","home","father",1,2,0,0,0,1,1,0,1,1,0,3,2,4,1,4,2,4,15,14,14
"382",1,0,18,1,1,0,2,1,"other","other","other","mother",2,1,0,0,0,0,1,0,1,1,1,4,4,3,1,3,5,5,7,6,7
"383",1,0,17,0,1,0,2,3,"other","services","home","father",2,2,0,0,0,0,1,1,1,1,0,4,4,3,1,1,3,2,11,11,10
"384",1,0,19,1,1,0,1,1,"other","services","other","mother",2,1,1,0,0,0,0,1,1,0,0,4,3,2,1,3,5,0,6,5,0
"385",1,0,18,1,1,0,4,2,"other","other","home","father",2,1,1,0,0,1,0,1,1,0,0,5,4,3,4,3,3,14,6,5,5
"386",1,1,18,1,1,0,2,2,"at_home","other","other","mother",2,3,0,0,0,1,0,1,1,0,0,5,3,3,1,3,4,2,10,9,10
"387",1,1,18,1,1,0,4,4,"teacher","at_home","reputation","mother",3,1,0,0,1,1,1,1,1,1,1,4,4,3,2,2,5,7,6,5,6
"388",1,1,19,1,1,0,2,3,"services","other","course","mother",1,3,1,0,0,0,1,0,1,1,0,5,4,2,1,2,5,0,7,5,0
"389",1,1,18,0,0,0,3,1,"teacher","services","course","mother",1,2,0,0,1,1,0,1,1,1,0,4,3,4,1,1,1,0,7,9,8
"390",1,1,18,0,1,0,1,1,"other","other","course","mother",2,2,1,0,0,0,1,1,1,0,0,1,1,1,1,1,5,0,6,5,0
"391",1,0,20,0,0,1,2,2,"services","services","course","other",1,2,2,0,1,1,0,1,1,0,0,5,5,4,4,5,4,11,9,9,9
"392",1,0,17,0,0,0,3,1,"services","services","course","mother",2,1,0,0,0,0,0,0,1,1,0,2,4,5,3,4,2,3,14,16,16
"393",1,0,21,1,1,0,1,1,"other","other","course","other",1,1,3,0,0,0,0,0,1,0,0,5,5,3,3,3,3,3,10,8,7
"394",1,0,18,1,0,0,3,2,"services","other","course","mother",3,1,0,0,0,0,0,0,1,1,0,4,4,1,3,4,5,0,11,12,10
"395",1,0,19,0,0,0,1,1,"other","at_home","course","father",1,1,0,0,0,0,0,1,1,1,0,3,2,3,3,3,5,5,8,9,9
